processor,sampleRate,blockSize,channels,averageUs,p99Us,memoryBytes,latencySamples,simdSpeedup,callbackBudgetPercent
smoothed_gain,44100,64,1,0.057,0.100,112,0,1.000,0.004
one_pole,44100.000,64,1,0.207,0.200,24,0,1.000,0.014
biquad,44100.000,64,1,0.342,0.400,160,0,1.000,0.024
state_variable_filter,44100.000,64,1,0.399,0.400,64,0,1.000,0.028
linkwitz_riley,44100.000,64,1,0.958,1.100,1176,0,1.000,0.066
waveshaper,44100.000,64,1,0.467,0.700,12,0,1.000,0.032
dynamic_waveshaper,44100.000,64,1,0.369,0.400,48,0,1.000,0.025
noise_gate,44100.000,64,1,0.975,1.000,256,0,1.000,0.067
compressor,44100.000,64,1,0.661,0.700,296,0,1.000,0.046
peak_limiter,44100.000,64,1,0.424,0.500,7216,44,1.000,0.029
oversampler1x,44100.000,64,1,0.126,0.200,452,0,1.000,0.009
oversampler2x,44100.000,64,1,1.104,1.200,844,8,1.000,0.076
oversampler4x,44100.000,64,1,2.569,2.600,1484,8,1.000,0.177
oversampler8x,44100.000,64,1,5.673,7.900,2764,8,1.000,0.391
direct_convolver,44100.000,64,1,7.205,10.200,2128,0,1.000,0.496
partitioned_convolver,44100.000,64,1,4.731,6.300,65760,0,1.000,0.326
crossfading_convolver,44100.000,64,1,1.762,1.800,1048,0,1.000,0.121
bass_split,44100.000,64,1,2.022,2.100,1560,0,1.000,0.139
metering_baseline,44100.000,64,1,0.018,0.100,0,0,1.000,0.001
meter_bank,44100.000,64,1,0.319,1.600,2444264,0,1.000,0.022
metering_overhead,44100.000,64,1,0.302,1.500,2444264,0,1.000,0.021
spectrum_analyzer,44100.000,64,1,8.978,9.100,32944,0,1.000,0.619
waveform_history,44100.000,64,1,0.021,0.100,16392,0,1.000,0.001
mode_crossfader,44100.000,64,1,0.094,0.100,640,0,1.000,0.006
gain_scalar,44100.000,64,1,0.029,0.100,0,0,1.000,0.002
gain_simd,44100.000,64,1,0.019,0.100,0,0,1.532,0.001
smoothed_gain,44100.000,64,2,0.060,0.100,112,0,1.000,0.004
one_pole,44100.000,64,2,0.374,0.400,24,0,1.000,0.026
biquad,44100.000,64,2,0.349,0.400,160,0,1.000,0.024
state_variable_filter,44100.000,64,2,0.770,0.800,64,0,1.000,0.053
linkwitz_riley,44100.000,64,2,1.012,1.100,1688,0,1.000,0.070
waveshaper,44100.000,64,2,0.899,0.900,12,0,1.000,0.062
dynamic_waveshaper,44100.000,64,2,0.695,0.700,48,0,1.000,0.048
noise_gate,44100.000,64,2,1.031,1.100,256,0,1.000,0.071
compressor,44100.000,64,2,1.088,1.100,296,0,1.000,0.075
peak_limiter,44100.000,64,2,0.496,0.500,7216,44,1.000,0.034
oversampler1x,44100.000,64,2,0.241,0.300,744,0,1.000,0.017
oversampler2x,44100.000,64,2,2.220,3.500,1460,8,1.000,0.153
oversampler4x,44100.000,64,2,4.649,4.700,2676,8,1.000,0.320
oversampler8x,44100.000,64,2,10.373,12.500,5108,8,1.000,0.715
direct_convolver,44100.000,64,2,13.830,19.100,4176,0,1.000,0.953
partitioned_convolver,44100.000,64,2,9.593,13.100,131296,0,1.000,0.661
crossfading_convolver,44100.000,64,2,3.503,3.600,1560,0,1.000,0.241
bass_split,44100.000,64,2,2.975,3.000,2072,0,1.000,0.205
metering_baseline,44100.000,64,2,0.019,0.100,0,0,1.000,0.001
meter_bank,44100.000,64,2,0.603,3.100,2444264,0,1.000,0.042
metering_overhead,44100.000,64,2,0.584,3.000,2444264,0,1.000,0.040
spectrum_analyzer,44100.000,64,1,8.973,11.300,32944,0,1.000,0.618
waveform_history,44100.000,64,1,0.020,0.100,16392,0,1.000,0.001
mode_crossfader,44100.000,64,2,0.127,0.200,1152,0,1.000,0.009
gain_scalar,44100.000,64,2,0.042,0.100,0,0,1.000,0.003
gain_simd,44100.000,64,2,0.023,0.100,0,0,1.787,0.002
smoothed_gain,48000.000,128,1,0.071,0.100,112,0,1.000,0.003
one_pole,48000.000,128,1,0.374,0.400,24,0,1.000,0.014
biquad,48000.000,128,1,0.641,0.800,160,0,1.000,0.024
state_variable_filter,48000.000,128,1,0.784,0.800,64,0,1.000,0.029
linkwitz_riley,48000.000,128,1,1.944,2.000,1688,0,1.000,0.073
waveshaper,48000.000,128,1,1.293,1.700,12,0,1.000,0.049
dynamic_waveshaper,48000.000,128,1,0.720,0.800,48,0,1.000,0.027
noise_gate,48000.000,128,1,1.932,2.000,256,0,1.000,0.072
compressor,48000.000,128,1,1.306,1.400,296,0,1.000,0.049
peak_limiter,48000.000,128,1,0.826,0.900,7840,48,1.000,0.031
oversampler1x,48000.000,128,1,0.236,0.300,708,0,1.000,0.009
oversampler2x,48000.000,128,1,2.186,2.200,1356,8,1.000,0.082
oversampler4x,48000.000,128,1,4.887,7.600,2508,8,1.000,0.183
oversampler8x,48000.000,128,1,10.392,12.900,4812,8,1.000,0.390
direct_convolver,48000.000,128,1,13.581,17.400,2128,0,1.000,0.509
partitioned_convolver,48000.000,128,1,6.274,6.300,65760,0,1.000,0.235
crossfading_convolver,48000.000,128,1,3.432,3.500,1560,0,1.000,0.129
bass_split,48000.000,128,1,4.148,5.400,2072,0,1.000,0.156
metering_baseline,48000.000,128,1,0.019,0.100,0,0,1.000,0.001
meter_bank,48000.000,128,1,0.598,1.800,2656424,0,1.000,0.022
metering_overhead,48000.000,128,1,0.579,1.700,2656424,0,1.000,0.022
spectrum_analyzer,48000.000,128,1,9.115,10.900,32944,0,1.000,0.342
waveform_history,48000.000,128,1,0.030,0.100,16392,0,1.000,0.001
mode_crossfader,48000.000,128,1,0.259,0.400,1152,0,1.000,0.010
gain_scalar,48000.000,128,1,0.087,0.100,0,0,1.000,0.003
gain_simd,48000.000,128,1,0.031,0.100,0,0,2.806,0.001
smoothed_gain,48000.000,128,2,0.229,0.400,112,0,1.000,0.009
one_pole,48000.000,128,2,0.739,0.800,24,0,1.000,0.028
biquad,48000.000,128,2,0.660,0.800,160,0,1.000,0.025
state_variable_filter,48000.000,128,2,1.542,1.600,64,0,1.000,0.058
linkwitz_riley,48000.000,128,2,2.028,2.100,2712,0,1.000,0.076
waveshaper,48000.000,128,2,1.784,1.800,12,0,1.000,0.067
dynamic_waveshaper,48000.000,128,2,1.400,1.500,48,0,1.000,0.053
noise_gate,48000.000,128,2,2.045,2.100,256,0,1.000,0.077
compressor,48000.000,128,2,2.218,4.100,296,0,1.000,0.083
peak_limiter,48000.000,128,2,0.979,1.500,7840,48,1.000,0.037
oversampler1x,48000.000,128,2,0.505,0.800,1256,0,1.000,0.019
oversampler2x,48000.000,128,2,4.355,4.400,2484,8,1.000,0.163
oversampler4x,48000.000,128,2,9.601,12.200,4724,8,1.000,0.360
oversampler8x,48000.000,128,2,20.910,27.500,9204,8,1.000,0.784
direct_convolver,48000.000,128,2,27.381,33.200,4176,0,1.000,1.027
partitioned_convolver,48000.000,128,2,12.606,16.100,131296,0,1.000,0.473
crossfading_convolver,48000.000,128,2,6.792,6.900,2584,0,1.000,0.255
bass_split,48000.000,128,2,5.977,7.500,3096,0,1.000,0.224
metering_baseline,48000.000,128,2,0.021,0.100,0,0,1.000,0.001
meter_bank,48000.000,128,2,1.183,3.700,2656424,0,1.000,0.044
metering_overhead,48000.000,128,2,1.163,3.600,2656424,0,1.000,0.044
spectrum_analyzer,48000.000,128,1,9.069,9.200,32944,0,1.000,0.340
waveform_history,48000.000,128,1,0.023,0.100,16392,0,1.000,0.001
mode_crossfader,48000.000,128,2,0.224,0.300,2176,0,1.000,0.008
gain_scalar,48000.000,128,2,0.069,0.100,0,0,1.000,0.003
gain_simd,48000.000,128,2,0.032,0.100,0,0,2.156,0.001
smoothed_gain,96000.000,64,1,0.047,0.100,112,0,1.000,0.007
one_pole,96000.000,64,1,0.193,0.200,24,0,1.000,0.029
biquad,96000.000,64,1,0.317,0.400,160,0,1.000,0.048
state_variable_filter,96000.000,64,1,0.402,0.500,64,0,1.000,0.060
linkwitz_riley,96000.000,64,1,0.937,1.000,1176,0,1.000,0.141
waveshaper,96000.000,64,1,0.455,0.500,12,0,1.000,0.068
dynamic_waveshaper,96000.000,64,1,0.369,0.400,48,0,1.000,0.055
noise_gate,96000.000,64,1,0.976,1.000,256,0,1.000,0.146
compressor,96000.000,64,1,0.662,0.700,296,0,1.000,0.099
peak_limiter,96000.000,64,1,0.423,0.500,15520,96,1.000,0.063
oversampler1x,96000.000,64,1,0.125,0.200,452,0,1.000,0.019
oversampler2x,96000.000,64,1,1.106,1.200,844,8,1.000,0.166
oversampler4x,96000.000,64,1,2.491,3.800,1484,8,1.000,0.374
oversampler8x,96000.000,64,1,5.224,6.700,2764,8,1.000,0.784
direct_convolver,96000.000,64,1,6.663,6.800,2128,0,1.000,0.999
partitioned_convolver,96000.000,64,1,4.715,4.800,65760,0,1.000,0.707
crossfading_convolver,96000.000,64,1,1.767,1.800,1048,0,1.000,0.265
bass_split,96000.000,64,1,2.043,2.100,1560,0,1.000,0.306
metering_baseline,96000.000,64,1,0.018,0.100,0,0,1.000,0.003
meter_bank,96000.000,64,1,0.308,0.400,5267624,0,1.000,0.046
metering_overhead,96000.000,64,1,0.290,0.300,5267624,0,1.000,0.043
spectrum_analyzer,96000.000,64,1,8.981,11.100,32944,0,1.000,1.347
waveform_history,96000.000,64,1,0.020,0.100,16392,0,1.000,0.003
mode_crossfader,96000.000,64,1,0.155,0.200,640,0,1.000,0.023
gain_scalar,96000.000,64,1,0.047,0.100,0,0,1.000,0.007
gain_simd,96000.000,64,1,0.026,0.100,0,0,1.800,0.004
smoothed_gain,96000.000,64,2,0.063,0.100,112,0,1.000,0.009
one_pole,96000.000,64,2,0.387,0.400,24,0,1.000,0.058
biquad,96000.000,64,2,0.347,0.400,160,0,1.000,0.052
state_variable_filter,96000.000,64,2,0.767,0.800,64,0,1.000,0.115
linkwitz_riley,96000.000,64,2,1.011,1.100,1688,0,1.000,0.152
waveshaper,96000.000,64,2,0.897,0.900,12,0,1.000,0.135
dynamic_waveshaper,96000.000,64,2,0.694,0.700,48,0,1.000,0.104
noise_gate,96000.000,64,2,1.525,1.900,256,0,1.000,0.229
compressor,96000.000,64,2,1.084,1.100,296,0,1.000,0.163
peak_limiter,96000.000,64,2,0.496,0.500,15520,96,1.000,0.074
oversampler1x,96000.000,64,2,0.241,0.300,744,0,1.000,0.036
oversampler2x,96000.000,64,2,2.197,2.300,1460,8,1.000,0.330
oversampler4x,96000.000,64,2,4.653,4.700,2676,8,1.000,0.698
oversampler8x,96000.000,64,2,10.407,12.700,5108,8,1.000,1.561
direct_convolver,96000.000,64,2,13.501,16.300,4176,0,1.000,2.025
partitioned_convolver,96000.000,64,2,9.517,12.100,131296,0,1.000,1.428
crossfading_convolver,96000.000,64,2,3.621,5.300,1560,0,1.000,0.543
bass_split,96000.000,64,2,2.993,4.100,2072,0,1.000,0.449
metering_baseline,96000.000,64,2,0.019,0.100,0,0,1.000,0.003
meter_bank,96000.000,64,2,0.594,0.800,5267624,0,1.000,0.089
metering_overhead,96000.000,64,2,0.575,0.700,5267624,0,1.000,0.086
spectrum_analyzer,96000.000,64,1,8.939,9.100,32944,0,1.000,1.341
waveform_history,96000.000,64,1,0.020,0.100,16392,0,1.000,0.003
mode_crossfader,96000.000,64,2,0.133,0.200,1152,0,1.000,0.020
gain_scalar,96000.000,64,2,0.079,0.100,0,0,1.000,0.012
gain_simd,96000.000,64,2,0.022,0.100,0,0,3.562,0.003
